<ImportExportXml xmlns:xsi="http://www.w3.org/2001/XMLSchema-instance" OrganizationVersion="9.2.25084.140" OrganizationSchemaType="Standard" CRMServerServiceabilityVersion="9.2.25091.00136">
  <Entities></Entities>
  <Roles></Roles>
  <Workflows>
    <Workflow WorkflowId="{9260cca7-c05f-ef11-bfe3-6045bd42c825}" Name="CheckingDocument">
      <JsonFileName>/Workflows/CheckingDocument-9260CCA7-C05F-EF11-BFE3-6045BD42C825.json</JsonFileName>
      <Type>1</Type>
      <Subprocess>0</Subprocess>
      <Category>5</Category>
      <Mode>0</Mode>
      <Scope>4</Scope>
      <OnDemand>0</OnDemand>
      <TriggerOnCreate>0</TriggerOnCreate>
      <TriggerOnDelete>0</TriggerOnDelete>
      <AsyncAutodelete>0</AsyncAutodelete>
      <SyncWorkflowLogOnFailure>0</SyncWorkflowLogOnFailure>
      <StateCode>1</StateCode>
      <StatusCode>2</StatusCode>
      <RunAs>1</RunAs>
      <IsTransacted>1</IsTransacted>
      <IntroducedVersion>1.0.0.6</IntroducedVersion>
      <IsCustomizable>1</IsCustomizable>
      <BusinessProcessType>0</BusinessProcessType>
      <IsCustomProcessingStepAllowedForOtherPublishers>1</IsCustomProcessingStepAllowedForOtherPublishers>
      <PrimaryEntity>none</PrimaryEntity>
      <LocalizedNames>
        <LocalizedName languagecode="1033" description="CheckingDocument" />
      </LocalizedNames>
    </Workflow>
  </Workflows>
  <FieldSecurityProfiles></FieldSecurityProfiles>
  <Templates />
  <EntityMaps />
  <EntityRelationships />
  <OrganizationSettings />
  <optionsets />
  <MobileOfflineProfiles>
    <MobileOfflineProfile MobileOfflineProfileId="4a87d7f2-ed24-f011-8c4d-002248fa7e02" Name="autogenProfile-cr058_apprecord_0240c">
      <MobileOfflineProfileItems />
      <MobileOfflineProfileId>{4a87d7f2-ed24-f011-8c4d-002248fa7e02}</MobileOfflineProfileId>
      <Name>autogenProfile-cr058_apprecord_0240c</Name>
    </MobileOfflineProfile>
  </MobileOfflineProfiles>
  <CustomControls />
  <EntityDataProviders />
  <CanvasApps>
    <CanvasApp>
      <Name>cr058_apprecord_0240c</Name>
      <AppVersion>2025-07-22T08:34:25Z</AppVersion>
      <Status>Ready</Status>
      <CreatedByClientVersion>3.25071.7.0</CreatedByClientVersion>
      <MinClientVersion>3.25071.7.0</MinClientVersion>
      <Tags>{"primaryDeviceWidth":"2548","primaryDeviceHeight":"1169","supportsPortrait":"true","supportsLandscape":"true","primaryFormFactor":"Tablet","showStatusBar":"false","publisherVersion":"3.25071.7","minimumRequiredApiVersion":"2.2.0","hasComponent":"false","hasUnlockedComponent":"false","isUnifiedRootApp":"false","sienaVersion":"20250603T132230Z-3.25053.6.0"}</Tags>
      <IsCdsUpgraded>0</IsCdsUpgraded>
      <GalleryItemId xsi:nil="true"></GalleryItemId>
      <BackgroundColor>rgba(255, 255, 255, 1)</BackgroundColor>
      <DisplayName>Record Management Library App</DisplayName>
      <Description>Enhance record management with the Record Management Library App. Streamline the organization and retrieval of records, making it easier to manage and access important business information.</Description>
      <CommitMessage xsi:nil="true"></CommitMessage>
      <Publisher xsi:nil="true"></Publisher>
      <AuthorizationReferences>[]</AuthorizationReferences>
      <ConnectionReferences>{"3c6beb38-993c-492a-ba29-b1a635283989":{"id":"/providers/microsoft.powerapps/apis/shared_logicflows","displayName":"Logic flows","iconUri":"https://conn-afd-prod-endpoint-bmc9bqahasf3grgk.b01.azurefd.net/v1.0.1762/1.0.1762.4298/logicflows/icon.png","dataSources":["CheckingDocument"],"dependencies":["debac057-ea5e-4e3e-9402-2ae5c08eba44"],"dependents":[],"parameterHints":{"workflowName":{"value":"9614c6a2-4424-4bae-8c22-7e4f2fd68322"},"workflowEntityId":{"value":"9260cca7-c05f-ef11-bfe3-6045bd42c825"},"workflowDisplayName":{"value":"CheckingDocument"},"debac057-ea5e-4e3e-9402-2ae5c08eba44":{"value":"shared_sharepointonline_1"}},"parameterHintsV2":{"workflowName":{"value":"9614c6a2-4424-4bae-8c22-7e4f2fd68322"},"workflowEntityId":{"value":"9260cca7-c05f-ef11-bfe3-6045bd42c825"},"workflowDisplayName":{"value":"CheckingDocument"},"shared_sharepointonline_1":{"value":"debac057-ea5e-4e3e-9402-2ae5c08eba44"}},"isOnPremiseConnection":false,"bypassConsent":false,"dataSets":{},"apiTier":"Standard","actions":["Run"]},"debac057-ea5e-4e3e-9402-2ae5c08eba44":{"id":"/providers/microsoft.powerapps/apis/shared_sharepointonline","displayName":"SharePoint","iconUri":"https://conn-afd-prod-endpoint-bmc9bqahasf3grgk.b01.azurefd.net/v1.0.1754/1.0.1754.4231/sharepointonline/icon.png","dataSources":["MainCategory","SubSubCategory","SubCategory","RecordManagementLibrary","UserFavorites"],"dependencies":[],"dependents":["3c6beb38-993c-492a-ba29-b1a635283989"],"parameterHints":{},"parameterHintsV2":{},"isOnPremiseConnection":false,"bypassConsent":false,"dataSets":{"https://awardscoza.sharepoint.com/sites/Operations-BPA/Dev/RecordManagementApplicationDev":{"dataSources":{"MainCategory":{"tableName":"73dbfdef-29c7-4120-95c2-702abc0be4d1"},"SubSubCategory":{"tableName":"5cbcb7f2-a3c4-434c-91ab-f454e1d12b62"},"SubCategory":{"tableName":"be69b65b-a3d4-40a0-8eab-2b35698edfde"}}},"https://awardscoza.sharepoint.com/sites/Operations-BPA/Dev/RecordManagementApplicationDev_cr058_shared_sharepointonline_2f893d0639d64c3099d81c46c018adb3":{"datasetOverride":{"name":"https://awardscoza.sharepoint.com/sites/Operations-BPA/Dev/RecordManagementApplicationDev","environmentVariableName":"cr058_shared_sharepointonline_2f893d0639d64c3099d81c46c018adb3"},"dataSources":{"RecordManagementLibrary":{"tableName":"4cbc45b8-273e-40f6-950a-82105ac9db59","tableNameOverride":{"name":"4cbc45b8-273e-40f6-950a-82105ac9db59","environmentVariableName":"new_shared_sharepointonline_1aef5365360043ee936143d8e1adc21b"}},"UserFavorites":{"tableName":"bba1c8a4-0180-4a7b-80df-8b0f42feb663","tableNameOverride":{"name":"bba1c8a4-0180-4a7b-80df-8b0f42feb663","environmentVariableName":"new_shared_sharepointonline_b28b0f3946af478bb19441d3e3f18515"}}}}},"apiTier":"Standard","actions":["providers/PowerPlatform.Governance/Operations/Read","providers/PowerPlatform.Governance/Operations/Write","providers/PowerPlatform.Governance/Operations/Delete"]}}</ConnectionReferences>
      <DatabaseReferences>{}</DatabaseReferences>
      <AppComponents>[]</AppComponents>
      <AppComponentDependencies>[]</AppComponentDependencies>
      <CanConsumeAppPass>1</CanConsumeAppPass>
      <CanvasAppType>0</CanvasAppType>
      <BypassConsent>0</BypassConsent>
      <AdminControlBypassConsent>0</AdminControlBypassConsent>
      <EmbeddedApp xsi:nil="true"></EmbeddedApp>
      <IntroducedVersion>1.0</IntroducedVersion>
      <CdsDependencies>{"cdsdependencies":[{"dependencyid":"9260cca7-c05f-ef11-bfe3-6045bd42c825","componenttype":29,"componenttypeplatformname":"Workflow"},{"logicalname":"cr058_shared_sharepointonline_2f893d0639d64c3099d81c46c018adb3","componenttype":380,"componenttypeplatformname":"EnvironmentVariableDefinition"},{"logicalname":"new_shared_sharepointonline_1aef5365360043ee936143d8e1adc21b","componenttype":380,"componenttypeplatformname":"EnvironmentVariableDefinition"},{"logicalname":"new_shared_sharepointonline_b28b0f3946af478bb19441d3e3f18515","componenttype":380,"componenttypeplatformname":"EnvironmentVariableDefinition"},{"dependencyid":"4a87d7f2-ed24-f011-8c4d-002248fa7e02","componenttype":161}]}</CdsDependencies>
      <IsCustomizable>1</IsCustomizable>
      <BackgroundImageUri>/CanvasApps/cr058_apprecord_0240c_BackgroundImageUri</BackgroundImageUri>
      <DocumentUri>/CanvasApps/cr058_apprecord_0240c_DocumentUri.msapp</DocumentUri>
      <AdditionalUris>
        <AdditionalUri>/CanvasApps/cr058_apprecord_0240c_AdditionalUris0_identity.json</AdditionalUri>
      </AdditionalUris>
    </CanvasApp>
  </CanvasApps>
  <connectionreferences>
    <connectionreference connectionreferencelogicalname="ghaled_QM_SharePointConnectionRef">
      <connectionreferencedisplayname>QM_SharePointConnectionRef</connectionreferencedisplayname>
      <connectorid>/providers/Microsoft.PowerApps/apis/shared_sharepointonline</connectorid>
      <iscustomizable>1</iscustomizable>
      <statecode>0</statecode>
      <statuscode>1</statuscode>
    </connectionreference>
  </connectionreferences>
  <Languages>
    <Language>1033</Language>
  </Languages>
</ImportExportXml>