<environmentvariabledefinition schemaname="sebe_shared_sharepointonline_c22822e3ed0649d2bb4947283e9a1ef1">
  <apiid>/providers/microsoft.powerapps/apis/shared_sharepointonline</apiid>
  <displayname default="SubSubCategory">
    <label description="SubSubCategory" languagecode="1033" />
  </displayname>
  <introducedversion>1.0.0.0</introducedversion>
  <iscustomizable>1</iscustomizable>
  <isrequired>0</isrequired>
  <parameterkey>table</parameterkey>
  <parentdefinitionid>
    <schemaname>cr058_shared_sharepointonline_2f893d0639d64c3099d81c46c018adb3</schemaname>
  </parentdefinitionid>
  <secretstore>0</secretstore>
  <type>100000004</type>
</environmentvariabledefinition>