<environmentvariabledefinition schemaname="new_shared_sharepointonline_b28b0f3946af478bb19441d3e3f18515">
  <apiid>/providers/microsoft.powerapps/apis/shared_sharepointonline</apiid>
  <displayname default="UserFavorites">
    <label description="UserFavorites" languagecode="1033" />
  </displayname>
  <introducedversion>1.0.0.0</introducedversion>
  <iscustomizable>1</iscustomizable>
  <isrequired>0</isrequired>
  <parameterkey>table</parameterkey>
  <parentdefinitionid>
    <schemaname>cr058_shared_sharepointonline_2f893d0639d64c3099d81c46c018adb3</schemaname>
  </parentdefinitionid>
  <secretstore>0</secretstore>
  <type>100000004</type>
</environmentvariabledefinition>