<ImportExportXml xmlns:xsi="http://www.w3.org/2001/XMLSchema-instance" OrganizationVersion="9.2.25084.140" OrganizationSchemaType="Standard" CRMServerServiceabilityVersion="9.2.25091.00136">
  <Entities></Entities>
  <Roles></Roles>
  <Workflows>
    <Workflow WorkflowId="{89c86e82-d853-ef11-bfe3-002248653453}" Name="Checking_In_Documents">
      <JsonFileName>/Workflows/Checking_In_Documents-89C86E82-D853-EF11-BFE3-002248653453.json</JsonFileName>
      <Type>1</Type>
      <Subprocess>0</Subprocess>
      <Category>5</Category>
      <Mode>0</Mode>
      <Scope>4</Scope>
      <OnDemand>0</OnDemand>
      <TriggerOnCreate>0</TriggerOnCreate>
      <TriggerOnDelete>0</TriggerOnDelete>
      <AsyncAutodelete>0</AsyncAutodelete>
      <SyncWorkflowLogOnFailure>0</SyncWorkflowLogOnFailure>
      <StateCode>1</StateCode>
      <StatusCode>2</StatusCode>
      <RunAs>1</RunAs>
      <IsTransacted>1</IsTransacted>
      <IntroducedVersion>1.0.0.0</IntroducedVersion>
      <IsCustomizable>1</IsCustomizable>
      <BusinessProcessType>0</BusinessProcessType>
      <IsCustomProcessingStepAllowedForOtherPublishers>1</IsCustomProcessingStepAllowedForOtherPublishers>
      <PrimaryEntity>none</PrimaryEntity>
      <LocalizedNames>
        <LocalizedName languagecode="1033" description="Checking_In_Documents" />
      </LocalizedNames>
    </Workflow>
    <Workflow WorkflowId="{8ac86e82-d853-ef11-bfe3-002248653453}" Name="QMS_Approval_Workflow">
      <JsonFileName>/Workflows/QMS_Approval_Workflow-8AC86E82-D853-EF11-BFE3-002248653453.json</JsonFileName>
      <Type>1</Type>
      <Subprocess>0</Subprocess>
      <Category>5</Category>
      <Mode>0</Mode>
      <Scope>4</Scope>
      <OnDemand>0</OnDemand>
      <TriggerOnCreate>0</TriggerOnCreate>
      <TriggerOnDelete>0</TriggerOnDelete>
      <AsyncAutodelete>0</AsyncAutodelete>
      <SyncWorkflowLogOnFailure>0</SyncWorkflowLogOnFailure>
      <StateCode>1</StateCode>
      <StatusCode>2</StatusCode>
      <RunAs>1</RunAs>
      <IsTransacted>1</IsTransacted>
      <IntroducedVersion>1.0.0.0</IntroducedVersion>
      <IsCustomizable>1</IsCustomizable>
      <BusinessProcessType>0</BusinessProcessType>
      <IsCustomProcessingStepAllowedForOtherPublishers>1</IsCustomProcessingStepAllowedForOtherPublishers>
      <BillingContext>[{"id":"ghaled_qualitydocumentsmangementsystem_75046","type":"UnifiedApp","metadata":{"displayName":"QMDS"}}]</BillingContext>
      <PrimaryEntity>none</PrimaryEntity>
      <LocalizedNames>
        <LocalizedName languagecode="1033" description="QMS_Approval_Workflow" />
      </LocalizedNames>
    </Workflow>
    <Workflow WorkflowId="{9ef6bc0e-d519-f011-9989-002248fa7e02}" Name="AddDocumentDisclaimer">
      <JsonFileName>/Workflows/AddDocumentDisclaimer-9EF6BC0E-D519-F011-9989-002248FA7E02.json</JsonFileName>
      <Type>1</Type>
      <Subprocess>0</Subprocess>
      <Category>5</Category>
      <Mode>0</Mode>
      <Scope>4</Scope>
      <OnDemand>0</OnDemand>
      <TriggerOnCreate>0</TriggerOnCreate>
      <TriggerOnDelete>0</TriggerOnDelete>
      <AsyncAutodelete>0</AsyncAutodelete>
      <SyncWorkflowLogOnFailure>0</SyncWorkflowLogOnFailure>
      <StateCode>1</StateCode>
      <StatusCode>2</StatusCode>
      <RunAs>1</RunAs>
      <IsTransacted>1</IsTransacted>
      <IntroducedVersion>1.0.0.25</IntroducedVersion>
      <IsCustomizable>1</IsCustomizable>
      <BusinessProcessType>0</BusinessProcessType>
      <IsCustomProcessingStepAllowedForOtherPublishers>1</IsCustomProcessingStepAllowedForOtherPublishers>
      <ModernFlowType>0</ModernFlowType>
      <PrimaryEntity>none</PrimaryEntity>
      <LocalizedNames>
        <LocalizedName languagecode="1033" description="AddDocumentDisclaimer" />
      </LocalizedNames>
    </Workflow>
    <Workflow WorkflowId="{e6f053bd-c6f9-ef11-bae1-002248fa7e02}" Name="Document Review Reminder">
      <JsonFileName>/Workflows/DocumentReviewReminder-E6F053BD-C6F9-EF11-BAE1-002248FA7E02.json</JsonFileName>
      <Type>1</Type>
      <Subprocess>0</Subprocess>
      <Category>5</Category>
      <Mode>0</Mode>
      <Scope>4</Scope>
      <OnDemand>0</OnDemand>
      <TriggerOnCreate>0</TriggerOnCreate>
      <TriggerOnDelete>0</TriggerOnDelete>
      <AsyncAutodelete>0</AsyncAutodelete>
      <SyncWorkflowLogOnFailure>0</SyncWorkflowLogOnFailure>
      <StateCode>1</StateCode>
      <StatusCode>2</StatusCode>
      <RunAs>1</RunAs>
      <IsTransacted>1</IsTransacted>
      <IntroducedVersion>1.0.0.11</IntroducedVersion>
      <IsCustomizable>1</IsCustomizable>
      <BusinessProcessType>0</BusinessProcessType>
      <IsCustomProcessingStepAllowedForOtherPublishers>1</IsCustomProcessingStepAllowedForOtherPublishers>
      <ModernFlowType>0</ModernFlowType>
      <PrimaryEntity>none</PrimaryEntity>
      <LocalizedNames>
        <LocalizedName languagecode="1033" description="Document Review Reminder" />
      </LocalizedNames>
    </Workflow>
    <Workflow WorkflowId="{b28cbd48-77fa-ef11-bae1-002248fa7e02}" Name="GetDocumentVersionHistory">
      <JsonFileName>/Workflows/GetDocumentVersionHistory-B28CBD48-77FA-EF11-BAE1-002248FA7E02.json</JsonFileName>
      <Type>1</Type>
      <Subprocess>0</Subprocess>
      <Category>5</Category>
      <Mode>0</Mode>
      <Scope>4</Scope>
      <OnDemand>0</OnDemand>
      <TriggerOnCreate>0</TriggerOnCreate>
      <TriggerOnDelete>0</TriggerOnDelete>
      <AsyncAutodelete>0</AsyncAutodelete>
      <SyncWorkflowLogOnFailure>0</SyncWorkflowLogOnFailure>
      <StateCode>1</StateCode>
      <StatusCode>2</StatusCode>
      <RunAs>1</RunAs>
      <IsTransacted>1</IsTransacted>
      <IntroducedVersion>1.0.0.11</IntroducedVersion>
      <IsCustomizable>1</IsCustomizable>
      <BusinessProcessType>0</BusinessProcessType>
      <IsCustomProcessingStepAllowedForOtherPublishers>1</IsCustomProcessingStepAllowedForOtherPublishers>
      <ModernFlowType>0</ModernFlowType>
      <PrimaryEntity>none</PrimaryEntity>
      <LocalizedNames>
        <LocalizedName languagecode="1033" description="GetDocumentVersionHistory" />
      </LocalizedNames>
    </Workflow>
    <Workflow WorkflowId="{9260cca7-c05f-ef11-bfe3-6045bd42c825}" Name="CheckingDocument">
      <JsonFileName>/Workflows/CheckingDocument-9260CCA7-C05F-EF11-BFE3-6045BD42C825.json</JsonFileName>
      <Type>1</Type>
      <Subprocess>0</Subprocess>
      <Category>5</Category>
      <Mode>0</Mode>
      <Scope>4</Scope>
      <OnDemand>0</OnDemand>
      <TriggerOnCreate>0</TriggerOnCreate>
      <TriggerOnDelete>0</TriggerOnDelete>
      <AsyncAutodelete>0</AsyncAutodelete>
      <SyncWorkflowLogOnFailure>0</SyncWorkflowLogOnFailure>
      <StateCode>1</StateCode>
      <StatusCode>2</StatusCode>
      <RunAs>1</RunAs>
      <IsTransacted>1</IsTransacted>
      <IntroducedVersion>1.0.0.6</IntroducedVersion>
      <IsCustomizable>1</IsCustomizable>
      <BusinessProcessType>0</BusinessProcessType>
      <IsCustomProcessingStepAllowedForOtherPublishers>1</IsCustomProcessingStepAllowedForOtherPublishers>
      <PrimaryEntity>none</PrimaryEntity>
      <LocalizedNames>
        <LocalizedName languagecode="1033" description="CheckingDocument" />
      </LocalizedNames>
    </Workflow>
  </Workflows>
  <FieldSecurityProfiles></FieldSecurityProfiles>
  <Templates />
  <EntityMaps />
  <EntityRelationships />
  <OrganizationSettings />
  <optionsets />
  <CustomControls />
  <EntityDataProviders />
  <CanvasApps>
    <CanvasApp>
      <Name>ghaled_qualitydocumentsmangementsystem_75046</Name>
      <AppVersion>2025-09-01T12:31:16Z</AppVersion>
      <Status>Ready</Status>
      <CreatedByClientVersion>3.25083.8.0</CreatedByClientVersion>
      <MinClientVersion>3.25083.8.0</MinClientVersion>
      <Tags>{"primaryDeviceWidth":"1366","primaryDeviceHeight":"768","supportsPortrait":"true","supportsLandscape":"true","primaryFormFactor":"Tablet","showStatusBar":"false","publisherVersion":"3.25083.8","minimumRequiredApiVersion":"2.2.0","hasComponent":"false","hasUnlockedComponent":"false","isUnifiedRootApp":"false","offlineLargeFilesSupport":"false","sienaVersion":"20250825T091931Z-3.25082.8.0"}</Tags>
      <IsCdsUpgraded>0</IsCdsUpgraded>
      <GalleryItemId xsi:nil="true"></GalleryItemId>
      <BackgroundColor>rgba(255, 255, 255, 1)</BackgroundColor>
      <DisplayName>QMDS</DisplayName>
      <Description>Optimize document workflows with QMDS. Facilitate seamless review, archiving, and configuration of documents to maintain organization and compliance. Empower your team to manage documentation efficiently and ensure effective collaboration across processes.</Description>
      <CommitMessage xsi:nil="true"></CommitMessage>
      <Publisher xsi:nil="true"></Publisher>
      <AuthorizationReferences>[]</AuthorizationReferences>
      <ConnectionReferences>{"d01aaa49-5715-4b85-ab63-093dcff7094e":{"id":"/providers/microsoft.powerapps/apis/shared_logicflows","displayName":"Logic flows","iconUri":"https://conn-afd-prod-endpoint-bmc9bqahasf3grgk.b01.azurefd.net/v1.0.1766/1.0.1766.4330/logicflows/icon.png","dataSources":["Checking_In_Documents"],"dependencies":["0e7ab991-c62b-4357-a527-e3e1cc410c90"],"dependents":[],"parameterHints":{"workflowName":{"value":"e6d89b75-cc47-4215-bb20-c8ed7ee687fe"},"workflowEntityId":{"value":"89c86e82-d853-ef11-bfe3-002248653453"},"workflowDisplayName":{"value":"Checking_In_Documents"},"7b17d89d-6b3e-4aad-a338-fb4bef104bf9":{"value":"shared_sharepointonline"},"0e7ab991-c62b-4357-a527-e3e1cc410c90":{"value":"shared_sharepointonline"}},"parameterHintsV2":{"workflowName":{"value":"e6d89b75-cc47-4215-bb20-c8ed7ee687fe"},"workflowEntityId":{"value":"89c86e82-d853-ef11-bfe3-002248653453"},"workflowDisplayName":{"value":"Checking_In_Documents"},"shared_sharepointonline":{"value":"0e7ab991-c62b-4357-a527-e3e1cc410c90"}},"isOnPremiseConnection":false,"bypassConsent":false,"dataSets":{},"apiTier":"Standard","actions":["Run"]},"0e7ab991-c62b-4357-a527-e3e1cc410c90":{"id":"/providers/microsoft.powerapps/apis/shared_sharepointonline","displayName":"SharePoint","iconUri":"https://conn-afd-prod-endpoint-bmc9bqahasf3grgk.b01.azurefd.net/v1.0.1762/1.0.1762.4298/sharepointonline/icon.png","dataSources":["FDM_AppInformation","App_Version_Notes","User_Seen_Version","AppConfig","QDMS","DocumentViewLogs"],"dependencies":[],"dependents":["d01aaa49-5715-4b85-ab63-093dcff7094e","2560e49a-75a6-46d3-be29-3b7674e6a9ae","56e7b7c3-c35c-4b3d-bb5d-e6d7595eab10","d66e2e85-b4e4-442b-8e88-da1eda54fdbb"],"parameterHints":{},"parameterHintsV2":{},"isOnPremiseConnection":false,"bypassConsent":false,"dataSets":{"https://awardscoza.sharepoint.com/sites/QualityHub":{"dataSources":{"App_Version_Notes":{"tableName":"93356cde-056b-4c54-b233-520cebce016f"},"User_Seen_Version":{"tableName":"97dc8ef0-706c-4f88-b315-342451ae745f"}}},"https://awardscoza.sharepoint.com/sites/Operations-BPA/Dev/DevApplictionfeedback_sebe_FeedbackApp_SiteAddress":{"datasetOverride":{"name":"https://awardscoza.sharepoint.com/sites/Operations-BPA/Dev/DevApplictionfeedback","environmentVariableName":"sebe_FeedbackApp_SiteAddress"},"dataSources":{"FDM_AppInformation":{"tableName":"5c122437-5468-4ed7-9d47-a6faed58a71b","tableNameOverride":{"name":"5c122437-5468-4ed7-9d47-a6faed58a71b","environmentVariableName":"sebe_FDM_AppInformation"}}}},"https://awardscoza.sharepoint.com/sites/Operations-BPA/Dev/QDMS_ghaled_qdms_SiteAddress":{"datasetOverride":{"name":"https://awardscoza.sharepoint.com/sites/Operations-BPA/Dev/QDMS","environmentVariableName":"ghaled_qdms_SiteAddress"},"dataSources":{"AppConfig":{"tableName":"2b5bf42a-7141-4cc4-8a3a-16f4b7acc91a","tableNameOverride":{"name":"2b5bf42a-7141-4cc4-8a3a-16f4b7acc91a","environmentVariableName":"new_shared_sharepointonline_67e80d163959473aa2ce7aaca6a6a394"}},"QDMS":{"tableName":"f23a1c38-f200-4499-9d4f-10ad7e2116df","tableNameOverride":{"name":"f23a1c38-f200-4499-9d4f-10ad7e2116df","environmentVariableName":"new_shared_sharepointonline_b74501104d2c4cd79df22031976f2bc1"}},"DocumentViewLogs":{"tableName":"99b273f6-a62e-4b1a-8178-b9025fbab607","tableNameOverride":{"name":"99b273f6-a62e-4b1a-8178-b9025fbab607","environmentVariableName":"new_shared_sharepointonline_8705648742f346f2855181cb03c21b02"}}}}},"apiTier":"Standard","actions":["providers/PowerPlatform.Governance/Operations/Read","providers/PowerPlatform.Governance/Operations/Write"],"endpoints":[]},"2560e49a-75a6-46d3-be29-3b7674e6a9ae":{"id":"/providers/microsoft.powerapps/apis/shared_logicflows","displayName":"Logic flows","iconUri":"https://conn-afd-prod-endpoint-bmc9bqahasf3grgk.b01.azurefd.net/v1.0.1766/1.0.1766.4330/logicflows/icon.png","dataSources":["CheckingDocument"],"dependencies":["0e7ab991-c62b-4357-a527-e3e1cc410c90"],"dependents":[],"parameterHints":{"workflowName":{"value":"187661ed-eddc-4438-adb3-fad9fdae928d"},"workflowEntityId":{"value":"9260cca7-c05f-ef11-bfe3-6045bd42c825"},"workflowDisplayName":{"value":"CheckingDocument"},"7b17d89d-6b3e-4aad-a338-fb4bef104bf9":{"value":"shared_sharepointonline_1"},"0e7ab991-c62b-4357-a527-e3e1cc410c90":{"value":"shared_sharepointonline_1"}},"parameterHintsV2":{"workflowName":{"value":"187661ed-eddc-4438-adb3-fad9fdae928d"},"workflowEntityId":{"value":"9260cca7-c05f-ef11-bfe3-6045bd42c825"},"workflowDisplayName":{"value":"CheckingDocument"},"shared_sharepointonline_1":{"value":"0e7ab991-c62b-4357-a527-e3e1cc410c90"}},"isOnPremiseConnection":false,"bypassConsent":false,"dataSets":{},"apiTier":"Standard"},"56e7b7c3-c35c-4b3d-bb5d-e6d7595eab10":{"id":"/providers/microsoft.powerapps/apis/shared_logicflows","displayName":"Logic flows","iconUri":"https://conn-afd-prod-endpoint-bmc9bqahasf3grgk.b01.azurefd.net/v1.0.1766/1.0.1766.4330/logicflows/icon.png","dataSources":["GetDocumentVersionHistory"],"dependencies":["0e7ab991-c62b-4357-a527-e3e1cc410c90"],"dependents":[],"parameterHints":{"workflowName":{"value":"93609a6a-fd69-4541-8227-a470421d109e"},"workflowEntityId":{"value":"b28cbd48-77fa-ef11-bae1-002248fa7e02"},"workflowDisplayName":{"value":"GetDocumentVersionHistory"},"0e7ab991-c62b-4357-a527-e3e1cc410c90":{"value":"shared_sharepointonline_1"}},"parameterHintsV2":{"workflowName":{"value":"93609a6a-fd69-4541-8227-a470421d109e"},"workflowEntityId":{"value":"b28cbd48-77fa-ef11-bae1-002248fa7e02"},"workflowDisplayName":{"value":"GetDocumentVersionHistory"},"shared_sharepointonline_1":{"value":"0e7ab991-c62b-4357-a527-e3e1cc410c90"}},"isOnPremiseConnection":false,"bypassConsent":false,"dataSets":{},"apiTier":"Standard","actions":["Run"]},"d66e2e85-b4e4-442b-8e88-da1eda54fdbb":{"id":"/providers/microsoft.powerapps/apis/shared_logicflows","displayName":"Logic flows","iconUri":"https://conn-afd-prod-endpoint-bmc9bqahasf3grgk.b01.azurefd.net/v1.0.1766/1.0.1766.4330/logicflows/icon.png","dataSources":["QMS_Approval_Workflow"],"dependencies":["b7a69c3d-1454-42b5-8cda-c1d9fa3667df","0e7ab991-c62b-4357-a527-e3e1cc410c90","dbdb87bf-575a-43e2-833e-e457fbb6881b"],"dependents":[],"parameterHints":{"workflowName":{"value":"f7f86b9b-322a-4dde-96ca-f7398e548064"},"workflowEntityId":{"value":"8ac86e82-d853-ef11-bfe3-002248653453"},"workflowDisplayName":{"value":"QMS_Approval_Workflow"},"b7a69c3d-1454-42b5-8cda-c1d9fa3667df":{"value":"shared_approvals"},"0e7ab991-c62b-4357-a527-e3e1cc410c90":{"value":"shared_sharepointonline"},"dbdb87bf-575a-43e2-833e-e457fbb6881b":{"value":"shared_office365_1"}},"parameterHintsV2":{"workflowName":{"value":"f7f86b9b-322a-4dde-96ca-f7398e548064"},"workflowEntityId":{"value":"8ac86e82-d853-ef11-bfe3-002248653453"},"workflowDisplayName":{"value":"QMS_Approval_Workflow"},"shared_approvals":{"value":"b7a69c3d-1454-42b5-8cda-c1d9fa3667df"},"shared_sharepointonline":{"value":"0e7ab991-c62b-4357-a527-e3e1cc410c90"},"shared_office365_1":{"value":"dbdb87bf-575a-43e2-833e-e457fbb6881b"}},"isOnPremiseConnection":false,"bypassConsent":false,"dataSets":{},"apiTier":"Standard","actions":["Run"]},"b7a69c3d-1454-42b5-8cda-c1d9fa3667df":{"id":"/providers/microsoft.powerapps/apis/shared_approvals","displayName":"Standard approvals","iconUri":"https://conn-afd-prod-endpoint-bmc9bqahasf3grgk.b01.azurefd.net/v1.0.1758/1.0.1758.4260/approvals/icon.png","dataSources":["Approvals"],"dependencies":[],"dependents":["d66e2e85-b4e4-442b-8e88-da1eda54fdbb"],"parameterHints":{},"parameterHintsV2":{},"isOnPremiseConnection":false,"bypassConsent":false,"dataSets":{},"apiTier":"Standard"},"dbdb87bf-575a-43e2-833e-e457fbb6881b":{"id":"/providers/microsoft.powerapps/apis/shared_office365","displayName":"Office 365 Outlook","iconUri":"https://conn-afd-prod-endpoint-bmc9bqahasf3grgk.b01.azurefd.net/v1.0.1763/1.0.1763.4311/office365/icon.png","dataSources":[],"dependencies":[],"dependents":["d66e2e85-b4e4-442b-8e88-da1eda54fdbb"],"parameterHints":{},"parameterHintsV2":{},"isOnPremiseConnection":false,"bypassConsent":false,"dataSets":{},"apiTier":"Standard"}}</ConnectionReferences>
      <DatabaseReferences>{}</DatabaseReferences>
      <AppComponents>[]</AppComponents>
      <AppComponentDependencies>[]</AppComponentDependencies>
      <CanConsumeAppPass>1</CanConsumeAppPass>
      <CanvasAppType>0</CanvasAppType>
      <BypassConsent>0</BypassConsent>
      <AdminControlBypassConsent>0</AdminControlBypassConsent>
      <EmbeddedApp xsi:nil="true"></EmbeddedApp>
      <IntroducedVersion>1.0</IntroducedVersion>
      <CdsDependencies>{"cdsdependencies":[{"dependencyid":"89c86e82-d853-ef11-bfe3-002248653453","componenttype":29,"componenttypeplatformname":"Workflow"},{"dependencyid":"9260cca7-c05f-ef11-bfe3-6045bd42c825","componenttype":29,"componenttypeplatformname":"Workflow"},{"dependencyid":"b28cbd48-77fa-ef11-bae1-002248fa7e02","componenttype":29,"componenttypeplatformname":"Workflow"},{"dependencyid":"8ac86e82-d853-ef11-bfe3-002248653453","componenttype":29,"componenttypeplatformname":"Workflow"},{"logicalname":"sebe_FeedbackApp_SiteAddress","componenttype":380,"componenttypeplatformname":"EnvironmentVariableDefinition"},{"logicalname":"ghaled_qdms_SiteAddress","componenttype":380,"componenttypeplatformname":"EnvironmentVariableDefinition"},{"logicalname":"sebe_FDM_AppInformation","componenttype":380,"componenttypeplatformname":"EnvironmentVariableDefinition"},{"logicalname":"new_shared_sharepointonline_67e80d163959473aa2ce7aaca6a6a394","componenttype":380,"componenttypeplatformname":"EnvironmentVariableDefinition"},{"logicalname":"new_shared_sharepointonline_b74501104d2c4cd79df22031976f2bc1","componenttype":380,"componenttypeplatformname":"EnvironmentVariableDefinition"},{"logicalname":"new_shared_sharepointonline_8705648742f346f2855181cb03c21b02","componenttype":380,"componenttypeplatformname":"EnvironmentVariableDefinition"}]}</CdsDependencies>
      <IsCustomizable>1</IsCustomizable>
      <BackgroundImageUri>/CanvasApps/ghaled_qualitydocumentsmangementsystem_75046_BackgroundImageUri</BackgroundImageUri>
      <DocumentUri>/CanvasApps/ghaled_qualitydocumentsmangementsystem_75046_DocumentUri.msapp</DocumentUri>
      <AdditionalUris>
        <AdditionalUri>/CanvasApps/ghaled_qualitydocumentsmangementsystem_75046_AdditionalUris0_identity.json</AdditionalUri>
      </AdditionalUris>
    </CanvasApp>
  </CanvasApps>
  <connectionreferences>
    <connectionreference connectionreferencelogicalname="ghaled_QATeamConnRef">
      <connectionreferencedisplayname>QATeamConnRef</connectionreferencedisplayname>
      <connectorid>/providers/Microsoft.PowerApps/apis/shared_teams</connectorid>
      <iscustomizable>1</iscustomizable>
      <promptingbehavior>0</promptingbehavior>
      <statecode>0</statecode>
      <statuscode>1</statuscode>
    </connectionreference>
    <connectionreference connectionreferencelogicalname="ghaled_QDMS_ApprovalConnection">
      <connectionreferencedisplayname>QDMS_ApprovalConnection</connectionreferencedisplayname>
      <connectorid>/providers/Microsoft.PowerApps/apis/shared_approvals</connectorid>
      <iscustomizable>1</iscustomizable>
      <statecode>0</statecode>
      <statuscode>1</statuscode>
    </connectionreference>
    <connectionreference connectionreferencelogicalname="ghaled_qdmsOutlookConnRef">
      <connectionreferencedisplayname>qdmsOutlookConnRef</connectionreferencedisplayname>
      <connectorid>/providers/Microsoft.PowerApps/apis/shared_office365</connectorid>
      <iscustomizable>1</iscustomizable>
      <statecode>0</statecode>
      <statuscode>1</statuscode>
    </connectionreference>
    <connectionreference connectionreferencelogicalname="ghaled_QM_SharePointConnectionRef">
      <connectionreferencedisplayname>QM_SharePointConnectionRef</connectionreferencedisplayname>
      <connectorid>/providers/Microsoft.PowerApps/apis/shared_sharepointonline</connectorid>
      <iscustomizable>1</iscustomizable>
      <statecode>0</statecode>
      <statuscode>1</statuscode>
    </connectionreference>
    <connectionreference connectionreferencelogicalname="ghaled_sharedcloudmersiveconvert_0b9ba">
      <connectionreferencedisplayname>Cloudmersive Document Conversion QDMS-0b9ba</connectionreferencedisplayname>
      <connectorid>/providers/Microsoft.PowerApps/apis/shared_cloudmersiveconvert</connectorid>
      <iscustomizable>1</iscustomizable>
      <promptingbehavior>0</promptingbehavior>
      <statecode>0</statecode>
      <statuscode>1</statuscode>
    </connectionreference>
    <connectionreference connectionreferencelogicalname="ghaled_sharedencodianword_61c31">
      <connectionreferencedisplayname>Encodian - Word QDMS-61c31</connectionreferencedisplayname>
      <connectorid>/providers/Microsoft.PowerApps/apis/shared_encodianword</connectorid>
      <iscustomizable>1</iscustomizable>
      <promptingbehavior>0</promptingbehavior>
      <statecode>0</statecode>
      <statuscode>1</statuscode>
    </connectionreference>
    <connectionreference connectionreferencelogicalname="ghaled_sharedencodianword_f122b">
      <connectionreferencedisplayname>Encodian - Word QDMS-f122b</connectionreferencedisplayname>
      <connectorid>/providers/Microsoft.PowerApps/apis/shared_encodianword</connectorid>
      <iscustomizable>1</iscustomizable>
      <promptingbehavior>0</promptingbehavior>
      <statecode>0</statecode>
      <statuscode>1</statuscode>
    </connectionreference>
    <connectionreference connectionreferencelogicalname="ghaled_sharedonedriveforbusiness_38240">
      <connectionreferencedisplayname>OneDrive for Business QDMS-38240</connectionreferencedisplayname>
      <connectorid>/providers/Microsoft.PowerApps/apis/shared_onedriveforbusiness</connectorid>
      <iscustomizable>1</iscustomizable>
      <promptingbehavior>0</promptingbehavior>
      <statecode>0</statecode>
      <statuscode>1</statuscode>
    </connectionreference>
  </connectionreferences>
  <Languages>
    <Language>1033</Language>
  </Languages>
</ImportExportXml>