<environmentvariabledefinition schemaname="ghaled_QMDQ_AppInformation">
  <apiid>/providers/microsoft.powerapps/apis/shared_sharepointonline</apiid>
  <displayname default="QMDQ_AppInformation">
    <label description="QMDQ_AppInformation" languagecode="1033" />
  </displayname>
  <introducedversion>1.0.0.23</introducedversion>
  <iscustomizable>1</iscustomizable>
  <isrequired>0</isrequired>
  <parameterkey>table</parameterkey>
  <parentdefinitionid>
    <schemaname>ghaled_qdms_SiteAddress</schemaname>
  </parentdefinitionid>
  <secretstore>0</secretstore>
  <type>100000004</type>
</environmentvariabledefinition>