{
  "properties": {
    "connectionReferences": {
      "shared_sharepointonline_1": {
        "runtimeSource": "invoker",
        "connection": {
          "connectionReferenceLogicalName": "ghaled_QM_SharePointConnectionRef"
        },
        "api": {
          "name": "shared_sharepointonline"
        }
      },
      "shared_cloudmersiveconvert": {
        "runtimeSource": "invoker",
        "connection": {
          "connectionReferenceLogicalName": "ghaled_sharedcloudmersiveconvert_0b9ba"
        },
        "api": {
          "name": "shared_cloudmersiveconvert"
        }
      },
      "shared_encodianword": {
        "runtimeSource": "invoker",
        "connection": {
          "connectionReferenceLogicalName": "ghaled_sharedencodianword_f122b"
        },
        "api": {
          "name": "shared_encodianword"
        }
      }
    },
    "definition": {
      "$schema": "https://schema.management.azure.com/providers/Microsoft.Logic/schemas/2016-06-01/workflowdefinition.json#",
      "contentVersion": "1.0.0.0",
      "parameters": {
        "$connections": {
          "defaultValue": {},
          "type": "Object"
        },
        "$authentication": {
          "defaultValue": {},
          "type": "SecureObject"
        },
        "qdms_SiteAddress (ghaled_qdms_SiteAddress)": {
          "defaultValue": "https://awardscoza.sharepoint.com/sites/Operations-BPA/Dev/QDMS",
          "type": "String",
          "metadata": {
            "schemaName": "ghaled_qdms_SiteAddress"
          }
        },
        "QMDS_DocumentLibrary (ghaled_QMDS_DocumentLibrary)": {
          "defaultValue": "f23a1c38-f200-4499-9d4f-10ad7e2116df",
          "type": "String",
          "metadata": {
            "schemaName": "ghaled_QMDS_DocumentLibrary"
          }
        }
      },
      "triggers": {
        "manual": {
          "metadata": {
            "operationMetadataId": "f6ea4c54-cae5-4656-9f2d-80b64c507a43"
          },
          "type": "Request",
          "kind": "PowerAppV2",
          "inputs": {
            "schema": {
              "type": "object",
              "properties": {
                "text": {
                  "title": "DocumentID",
                  "type": "string",
                  "x-ms-dynamically-added": true,
                  "description": "Please enter your input",
                  "x-ms-content-hint": "TEXT"
                }
              },
              "required": [
                "text"
              ]
            }
          }
        }
      },
      "actions": {
        "Get_file_content": {
          "runAfter": {
            "Get_file_properties": [
              "Succeeded"
            ]
          },
          "metadata": {
            "operationMetadataId": "8120c4a6-7e92-4b42-a558-5829bf5484b2"
          },
          "type": "OpenApiConnection",
          "inputs": {
            "host": {
              "connectionName": "shared_sharepointonline_1",
              "operationId": "GetFileContent",
              "apiId": "/providers/Microsoft.PowerApps/apis/shared_sharepointonline"
            },
            "parameters": {
              "dataset": "@parameters('qdms_SiteAddress (ghaled_qdms_SiteAddress)')",
              "id": "@outputs('Get_file_properties')?['body/{Identifier}']",
              "inferContentType": true
            },
            "authentication": "@parameters('$authentication')"
          }
        },
        "Condition": {
          "actions": {
            "Set_the_footer_in_a_Word_DOCX_document": {
              "runAfter": {},
              "metadata": {
                "operationMetadataId": "836ba545-c7d3-4985-82e1-9aa1c55771c2"
              },
              "type": "OpenApiConnection",
              "inputs": {
                "host": {
                  "connectionName": "shared_cloudmersiveconvert",
                  "operationId": "EditDocument_DocxSetFooter",
                  "apiId": "/providers/Microsoft.PowerApps/apis/shared_cloudmersiveconvert"
                },
                "parameters": {
                  "reqConfig/FooterToApply/Paragraphs": [
                    {
                      "ContentRuns": [
                        {
                          "Bold": true,
                          "FontSize": "24",
                          "TextItems": [
                            {
                              "TextContent": "This document will be uncontrolled once printed"
                            }
                          ]
                        }
                      ]
                    }
                  ],
                  "reqConfig/FooterToApply/SectionsWithFooter": [
                    {
                      "StartingPageNumbers": [
                        "1"
                      ]
                    }
                  ],
                  "reqConfig/InputFileBytes": "@body('Get_file_content')"
                },
                "authentication": "@parameters('$authentication')"
              }
            },
            "Finish_editing_document,_and_download_result_from_document_editing": {
              "runAfter": {
                "Set_the_footer_in_a_Word_DOCX_document": [
                  "Succeeded"
                ]
              },
              "metadata": {
                "operationMetadataId": "0b029641-ae3c-41f6-a08d-63b80d9bed69"
              },
              "type": "OpenApiConnection",
              "inputs": {
                "host": {
                  "connectionName": "shared_cloudmersiveconvert",
                  "operationId": "EditDocument_FinishEditing",
                  "apiId": "/providers/Microsoft.PowerApps/apis/shared_cloudmersiveconvert"
                },
                "parameters": {
                  "reqConfig/InputFileUrl": "@outputs('Set_the_footer_in_a_Word_DOCX_document')?['body/EditedDocumentURL']"
                },
                "authentication": "@parameters('$authentication')"
              }
            },
            "Compose": {
              "runAfter": {
                "Finish_editing_document,_and_download_result_from_document_editing": [
                  "Succeeded"
                ]
              },
              "metadata": {
                "operationMetadataId": "4983ded5-d21f-4b8d-ba21-8e9a8cfe369a"
              },
              "type": "Compose",
              "inputs": "@base64(outputs('Get_file_content')?['body'])"
            },
            "Check_out_file": {
              "runAfter": {
                "Compose": [
                  "Succeeded"
                ]
              },
              "metadata": {
                "operationMetadataId": "fff08352-36eb-4fe7-8216-b1051f13376f"
              },
              "type": "OpenApiConnection",
              "inputs": {
                "host": {
                  "connectionName": "shared_sharepointonline_1",
                  "operationId": "CheckOutFile",
                  "apiId": "/providers/Microsoft.PowerApps/apis/shared_sharepointonline"
                },
                "parameters": {
                  "dataset": "@parameters('qdms_SiteAddress (ghaled_qdms_SiteAddress)')",
                  "table": "@parameters('QMDS_DocumentLibrary (ghaled_QMDS_DocumentLibrary)')",
                  "id": "@outputs('Get_file_properties')?['body/ID']"
                },
                "authentication": "@parameters('$authentication')"
              }
            }
          },
          "runAfter": {
            "Word_-_Add_Headers_and_Footers": [
              "Succeeded"
            ]
          },
          "expression": {
            "and": [
              {
                "equals": [
                  1,
                  2
                ]
              }
            ]
          },
          "metadata": {
            "operationMetadataId": "3be4c53e-1cd1-4238-ba08-d9349361faa3"
          },
          "type": "If"
        },
        "Word_-_Add_Headers_and_Footers": {
          "runAfter": {
            "Word_-_Remove_Headers_and_Footers": [
              "Succeeded"
            ]
          },
          "metadata": {
            "operationMetadataId": "82b3346d-77b7-4337-8015-75775a46ef65"
          },
          "type": "OpenApiConnection",
          "inputs": {
            "host": {
              "connectionName": "shared_encodianword",
              "operationId": "Word_AddHtmlHeaderFooterWord",
              "apiId": "/providers/Microsoft.PowerApps/apis/shared_encodianword"
            },
            "parameters": {
              "operation/fileContent": "@body('Get_file_content')",
              "operation/allPagesFooterHtml": "<div style=\"position: relative; text-align: center; margin: 0 auto; width: 900px; height: 40px; background-color: white; color: red; font-size: 14px; font-weight: bold; font-family: Arial; line-height: 40px;\"> \n  This document will be uncontrolled once printed\n</div> "
            },
            "authentication": "@parameters('$authentication')"
          }
        },
        "Update_file": {
          "runAfter": {
            "Create_file": [
              "Succeeded"
            ]
          },
          "metadata": {
            "operationMetadataId": "0669dea8-eb45-421b-a250-63ed30056b5f"
          },
          "type": "OpenApiConnection",
          "inputs": {
            "host": {
              "connectionName": "shared_sharepointonline_1",
              "operationId": "UpdateFile",
              "apiId": "/providers/Microsoft.PowerApps/apis/shared_sharepointonline"
            },
            "parameters": {
              "dataset": "@parameters('qdms_SiteAddress (ghaled_qdms_SiteAddress)')",
              "id": "@outputs('Get_file_properties')?['body/{Identifier}']",
              "body": "@outputs('Word_-_Add_Headers_and_Footers')?['body/FileContent']"
            },
            "authentication": "@parameters('$authentication')"
          }
        },
        "Get_file_properties": {
          "runAfter": {},
          "metadata": {
            "operationMetadataId": "79c2cb7c-866d-4eb5-9185-0cbb3fe9fe20"
          },
          "type": "OpenApiConnection",
          "inputs": {
            "host": {
              "connectionName": "shared_sharepointonline_1",
              "operationId": "GetFileItem",
              "apiId": "/providers/Microsoft.PowerApps/apis/shared_sharepointonline"
            },
            "parameters": {
              "dataset": "@parameters('qdms_SiteAddress (ghaled_qdms_SiteAddress)')",
              "table": "@parameters('QMDS_DocumentLibrary (ghaled_QMDS_DocumentLibrary)')",
              "id": "@triggerBody()['text']"
            },
            "authentication": "@parameters('$authentication')"
          }
        },
        "Word_-_Remove_Headers_and_Footers": {
          "runAfter": {
            "Get_file_content": [
              "Succeeded"
            ]
          },
          "metadata": {
            "operationMetadataId": "58891875-b6ab-4f1d-a1bd-85123ca903c9"
          },
          "type": "OpenApiConnection",
          "inputs": {
            "host": {
              "connectionName": "shared_encodianword",
              "operationId": "Word_RemoveHeaderFooterWord",
              "apiId": "/providers/Microsoft.PowerApps/apis/shared_encodianword"
            },
            "parameters": {
              "operation/fileContent": "@body('Get_file_content')",
              "operation/removeAllHeaders": true,
              "operation/removeAllFooters": true,
              "operation/removeFirstPageHeader": false,
              "operation/removeEvenPageHeader": false,
              "operation/removeOddPageHeader": false,
              "operation/removeFirstPageFooter": false,
              "operation/removeEvenPageFooter": false,
              "operation/removeOddPageFooter": false
            },
            "authentication": "@parameters('$authentication')"
          }
        },
        "Create_file": {
          "runAfter": {
            "Condition": [
              "Succeeded"
            ]
          },
          "metadata": {
            "operationMetadataId": "8d212c52-d9f3-49ae-8cc6-140644921e7e"
          },
          "type": "OpenApiConnection",
          "inputs": {
            "host": {
              "connectionName": "shared_sharepointonline_1",
              "operationId": "CreateFile",
              "apiId": "/providers/Microsoft.PowerApps/apis/shared_sharepointonline"
            },
            "parameters": {
              "dataset": "@parameters('qdms_SiteAddress (ghaled_qdms_SiteAddress)')",
              "folderPath": "/Shared Documents/TempDisclaimers/",
              "name": "@outputs('Get_file_properties')?['body/{FilenameWithExtension}']",
              "body": "@outputs('Word_-_Add_Headers_and_Footers')?['body/FileContent']"
            },
            "authentication": "@parameters('$authentication')"
          },
          "runtimeConfiguration": {
            "contentTransfer": {
              "transferMode": "Chunked"
            }
          }
        }
      }
    },
    "templateName": ""
  },
  "schemaVersion": "1.0.0.0"
}