{
  "properties": {
    "connectionReferences": {
      "shared_sharepointonline": {
        "runtimeSource": "invoker",
        "connection": {
          "connectionReferenceLogicalName": "ghaled_QM_SharePointConnectionRef"
        },
        "api": {
          "name": "shared_sharepointonline"
        }
      }
    },
    "definition": {
      "$schema": "https://schema.management.azure.com/providers/Microsoft.Logic/schemas/2016-06-01/workflowdefinition.json#",
      "contentVersion": "1.0.0.0",
      "parameters": {
        "$connections": {
          "defaultValue": {},
          "type": "Object"
        },
        "$authentication": {
          "defaultValue": {},
          "type": "SecureObject"
        },
        "qdms_SiteAddress (ghaled_qdms_SiteAddress)": {
          "defaultValue": "https://awardscoza.sharepoint.com/sites/Operations-BPA/Dev/QDMS",
          "type": "String",
          "metadata": {
            "schemaName": "ghaled_qdms_SiteAddress"
          }
        },
        "QMDS_DocumentLibrary (ghaled_QMDS_DocumentLibrary)": {
          "defaultValue": "f23a1c38-f200-4499-9d4f-10ad7e2116df",
          "type": "String",
          "metadata": {
            "schemaName": "ghaled_QMDS_DocumentLibrary"
          }
        }
      },
      "triggers": {
        "manual": {
          "metadata": {
            "operationMetadataId": "9a401969-d955-4a98-a483-0fa3050da698"
          },
          "type": "Request",
          "kind": "PowerAppV2",
          "inputs": {
            "schema": {
              "type": "object",
              "properties": {
                "text": {
                  "title": "ListOfIds",
                  "type": "string",
                  "x-ms-dynamically-added": true,
                  "description": "Please enter your input",
                  "x-ms-content-hint": "TEXT"
                }
              },
              "required": [
                "text"
              ]
            }
          }
        }
      },
      "actions": {
        "Compose": {
          "runAfter": {},
          "metadata": {
            "operationMetadataId": "4fab67f6-9526-4e05-9c78-11bafa076c12"
          },
          "type": "Compose",
          "inputs": "@triggerBody()['text']"
        },
        "Parse_JSON": {
          "runAfter": {
            "Compose": [
              "Succeeded"
            ]
          },
          "metadata": {
            "operationMetadataId": "1826212a-cb09-44fd-b6a2-e6cf61c2c9ec"
          },
          "type": "ParseJson",
          "inputs": {
            "content": "@outputs('Compose')",
            "schema": {
              "type": "array",
              "items": {
                "type": "object",
                "properties": {
                  "ID": {
                    "type": "integer"
                  }
                },
                "required": [
                  "ID"
                ]
              }
            }
          }
        },
        "For_each": {
          "foreach": "@outputs('Parse_JSON')['body']",
          "actions": {
            "Check_in_file_2": {
              "runAfter": {},
              "metadata": {
                "operationMetadataId": "ac8f04d5-0d49-45f6-ba0c-1b7f76b88fdb"
              },
              "type": "OpenApiConnection",
              "inputs": {
                "host": {
                  "connectionName": "shared_sharepointonline",
                  "operationId": "CheckInFile",
                  "apiId": "/providers/Microsoft.PowerApps/apis/shared_sharepointonline"
                },
                "parameters": {
                  "dataset": "@parameters('qdms_SiteAddress (ghaled_qdms_SiteAddress)')",
                  "table": "@parameters('QMDS_DocumentLibrary (ghaled_QMDS_DocumentLibrary)')",
                  "id": "@items('For_each')['ID']",
                  "parameter/comment": "After Migration ",
                  "parameter/checkinType": 1
                },
                "authentication": "@parameters('$authentication')"
              }
            }
          },
          "runAfter": {
            "Parse_JSON": [
              "Succeeded"
            ]
          },
          "metadata": {
            "operationMetadataId": "cdf45e13-964a-4a2c-81c0-a38a0140f521"
          },
          "type": "Foreach"
        }
      }
    },
    "templateName": ""
  },
  "schemaVersion": "1.0.0.0"
}