{
  "properties": {
    "connectionReferences": {
      "shared_sharepointonline_1": {
        "runtimeSource": "invoker",
        "connection": {
          "connectionReferenceLogicalName": "ghaled_QM_SharePointConnectionRef"
        },
        "api": {
          "name": "shared_sharepointonline"
        }
      }
    },
    "definition": {
      "$schema": "https://schema.management.azure.com/providers/Microsoft.Logic/schemas/2016-06-01/workflowdefinition.json#",
      "contentVersion": "1.0.0.0",
      "parameters": {
        "$connections": {
          "defaultValue": {},
          "type": "Object"
        },
        "$authentication": {
          "defaultValue": {},
          "type": "SecureObject"
        }
      },
      "triggers": {
        "manual": {
          "metadata": {
            "operationMetadataId": "c4180ec8-c1f3-4a24-8660-997b73b8bb19"
          },
          "type": "Request",
          "kind": "PowerAppV2",
          "inputs": {
            "schema": {
              "type": "object",
              "properties": {
                "text": {
                  "description": "Please enter your input",
                  "title": "Level",
                  "type": "string",
                  "x-ms-content-hint": "TEXT",
                  "x-ms-dynamically-added": true
                },
                "text_1": {
                  "description": "Please enter your input",
                  "title": "MainID",
                  "type": "string",
                  "x-ms-content-hint": "TEXT",
                  "x-ms-dynamically-added": true
                },
                "text_2": {
                  "description": "Please enter your input",
                  "title": "SubID",
                  "type": "string",
                  "x-ms-content-hint": "TEXT",
                  "x-ms-dynamically-added": true
                },
                "text_3": {
                  "description": "Please enter your input",
                  "title": "SubSubID",
                  "type": "string",
                  "x-ms-content-hint": "TEXT",
                  "x-ms-dynamically-added": true
                },
                "text_4": {
                  "description": "Please enter your input",
                  "title": "FileName",
                  "type": "string",
                  "x-ms-content-hint": "TEXT",
                  "x-ms-dynamically-added": true
                },
                "file": {
                  "description": "Please select file or image",
                  "title": "FileContent",
                  "type": "object",
                  "properties": {
                    "name": {
                      "type": "string"
                    },
                    "contentBytes": {
                      "type": "string",
                      "format": "byte"
                    }
                  },
                  "x-ms-content-hint": "FILE",
                  "x-ms-dynamically-added": true
                },
                "text_5": {
                  "title": "Department",
                  "type": "string",
                  "x-ms-dynamically-added": true,
                  "description": "Please enter your input",
                  "x-ms-content-hint": "TEXT"
                },
                "text_6": {
                  "title": "Client",
                  "type": "string",
                  "x-ms-dynamically-added": true,
                  "description": "Please enter your input",
                  "x-ms-content-hint": "TEXT"
                }
              },
              "required": [
                "text",
                "text_1",
                "text_2",
                "text_3",
                "text_4",
                "file",
                "text_5",
                "text_6"
              ]
            }
          }
        }
      },
      "actions": {
        "Create_file": {
          "runAfter": {
            "Compose_-_Client": [
              "Succeeded"
            ]
          },
          "metadata": {
            "operationMetadataId": "859cdd3b-6558-4bb1-afcc-eb92f8ac47e0"
          },
          "type": "OpenApiConnection",
          "inputs": {
            "host": {
              "connectionName": "shared_sharepointonline_1",
              "operationId": "CreateFile",
              "apiId": "/providers/Microsoft.PowerApps/apis/shared_sharepointonline"
            },
            "parameters": {
              "dataset": "https://awardscoza.sharepoint.com/sites/Operations-BPA/Dev/RecordManagementApplicationDev",
              "folderPath": "/RecordManagementLibrary",
              "name": "@triggerBody()?['file']?['name']",
              "body": "@triggerBody()?['file']?['contentBytes']"
            },
            "authentication": "@parameters('$authentication')"
          },
          "runtimeConfiguration": {
            "contentTransfer": {
              "transferMode": "Chunked"
            }
          }
        },
        "Update_file_properties": {
          "runAfter": {
            "Create_file": [
              "Succeeded"
            ]
          },
          "metadata": {
            "operationMetadataId": "ae223312-6172-48f5-a4b3-c80cb44de2ca"
          },
          "type": "OpenApiConnection",
          "inputs": {
            "host": {
              "connectionName": "shared_sharepointonline_1",
              "operationId": "PatchFileItem",
              "apiId": "/providers/Microsoft.PowerApps/apis/shared_sharepointonline"
            },
            "parameters": {
              "dataset": "https://awardscoza.sharepoint.com/sites/Operations-BPA/Dev/RecordManagementApplicationDev",
              "table": "4cbc45b8-273e-40f6-950a-82105ac9db59",
              "id": "@outputs('Create_file')?['body/ItemId']",
              "item/Title": "@triggerBody()?['text_5']",
              "item/MainCategory/Id": "@outputs('Compose_-_Main')",
              "item/Department/Value": "@triggerBody()['text_5']",
              "item/SubCategory/Id": "@outputs('Compose_-_SubID')",
              "item/SubSubCategory/Id": "@outputs('Compose_-_Sub2')",
              "item/FolderLevel": "@triggerBody()?['text']",
              "item/Client": "@outputs('Compose_-_Client')"
            },
            "authentication": "@parameters('$authentication')"
          }
        },
        "Compose_-_Sub2": {
          "runAfter": {
            "Compose_-_SubID": [
              "Succeeded"
            ]
          },
          "metadata": {
            "operationMetadataId": "bd74558c-fadd-46fe-acda-54d06a306767"
          },
          "type": "Compose",
          "inputs": "@if(empty(triggerBody()?['text_3']), null, int(triggerBody()?['text_3']))\r\n"
        },
        "Compose_-_Main": {
          "runAfter": {},
          "metadata": {
            "operationMetadataId": "f0a2f70c-7e83-4612-9fc0-f6ed46bc65d0"
          },
          "type": "Compose",
          "inputs": "@triggerBody()?['text_1']"
        },
        "Compose_-_SubID": {
          "runAfter": {
            "Compose_-_Main": [
              "Succeeded"
            ]
          },
          "metadata": {
            "operationMetadataId": "a8d8eb20-b0bc-4895-bbec-740df2d39b88"
          },
          "type": "Compose",
          "inputs": "@triggerBody()?['text_2']"
        },
        "Response": {
          "runAfter": {
            "Update_file_properties": [
              "Succeeded"
            ]
          },
          "metadata": {
            "operationMetadataId": "6037dc24-f429-476b-bdd8-bbfe89a7d08e"
          },
          "type": "Response",
          "kind": "Http",
          "inputs": {
            "statusCode": 200,
            "body": {
              "id": "@{outputs('Update_file_properties')?['body/ID']}"
            }
          }
        },
        "Compose_-_Client": {
          "runAfter": {
            "Compose_-_Sub2": [
              "Succeeded"
            ]
          },
          "metadata": {
            "operationMetadataId": "616f39e9-7569-4583-a74a-b829185e0f87"
          },
          "type": "Compose",
          "inputs": "@if(empty(triggerBody()?['text_6']), null, triggerBody()?['text_6'])"
        }
      },
      "outputs": {}
    },
    "templateName": ""
  },
  "schemaVersion": "1.0.0.0"
}