{
  "properties": {
    "connectionReferences": {
      "shared_sharepointonline_1": {
        "runtimeSource": "embedded",
        "connection": {
          "connectionReferenceLogicalName": "ghaled_QM_SharePointConnectionRef"
        },
        "api": {
          "name": "shared_sharepointonline"
        }
      },
      "shared_teams_1": {
        "runtimeSource": "embedded",
        "connection": {
          "connectionReferenceLogicalName": "ghaled_QATeamConnRef"
        },
        "api": {
          "name": "shared_teams"
        }
      },
      "shared_office365_1": {
        "runtimeSource": "embedded",
        "connection": {
          "connectionReferenceLogicalName": "ghaled_qdmsOutlookConnRef"
        },
        "api": {
          "name": "shared_office365"
        }
      }
    },
    "definition": {
      "$schema": "https://schema.management.azure.com/providers/Microsoft.Logic/schemas/2016-06-01/workflowdefinition.json#",
      "contentVersion": "1.0.0.0",
      "parameters": {
        "$connections": {
          "defaultValue": {},
          "type": "Object"
        },
        "$authentication": {
          "defaultValue": {},
          "type": "SecureObject"
        }
      },
      "triggers": {
        "Recurrence": {
          "recurrence": {
            "frequency": "Day",
            "interval": 1,
            "startTime": "2025-03-05T06:00:00Z"
          },
          "metadata": {
            "operationMetadataId": "33c1128a-5fdd-41aa-a2f1-6b7c497c5758"
          },
          "type": "Recurrence"
        }
      },
      "actions": {
        "Get_files_(properties_only)": {
          "runAfter": {
            "Compose_-_Get_Today_Date": [
              "Succeeded"
            ]
          },
          "metadata": {
            "operationMetadataId": "dc6a8b71-c187-46c3-bae6-ba90a5f88f9f"
          },
          "type": "OpenApiConnection",
          "inputs": {
            "host": {
              "connectionName": "shared_sharepointonline_1",
              "operationId": "GetFileItems",
              "apiId": "/providers/Microsoft.PowerApps/apis/shared_sharepointonline"
            },
            "parameters": {
              "dataset": "https://awardscoza.sharepoint.com/sites/QualityHub",
              "table": "bb8f3a8f-2f0f-4732-b460-55b67878a662"
            },
            "authentication": "@parameters('$authentication')"
          }
        },
        "Compose": {
          "runAfter": {
            "Get_files_(properties_only)": [
              "Succeeded"
            ]
          },
          "metadata": {
            "operationMetadataId": "395235fd-6767-45aa-ae9d-8e3621f307dc"
          },
          "type": "Compose",
          "inputs": "@length(outputs('Get_files_(properties_only)')?['body/value'])"
        },
        "Apply_to_each": {
          "foreach": "@outputs('Get_files_(properties_only)')?['body/value']",
          "actions": {
            "Condition": {
              "actions": {
                "Compose_3": {
                  "runAfter": {},
                  "metadata": {
                    "operationMetadataId": "b7008be4-053b-49af-93dc-cb9853f92888"
                  },
                  "type": "Compose",
                  "inputs": "<a href=\"@{items('Apply_to_each')?['{Link}']}\">Click here to view the document</a>"
                },
                "Post_message_in_a_chat_or_channel": {
                  "runAfter": {
                    "Compose_3": [
                      "Succeeded"
                    ]
                  },
                  "metadata": {
                    "operationMetadataId": "22d121c2-f33c-4175-9a7a-267c34b5a069"
                  },
                  "type": "OpenApiConnection",
                  "inputs": {
                    "host": {
                      "connectionName": "shared_teams_1",
                      "operationId": "PostMessageToConversation",
                      "apiId": "/providers/Microsoft.PowerApps/apis/shared_teams"
                    },
                    "parameters": {
                      "poster": "Flow bot",
                      "location": "Chat with Flow bot",
                      "body/recipient": "sebem@awards.co.za;",
                      "body/messageBody": "<p>Good day,<br>\n<br>\nThis is a reminder that the document &nbsp;<strong></strong><strong>@{items('Apply_to_each')?['Title']}</strong><strong></strong> is due for review on <strong></strong><strong>@{formatDateTime(addDays(utcNow(), 14), 'dd/MM/yyyy')}</strong><strong>.<br>\n<br>\n</strong><strong>@{outputs('Compose_3')}</strong><strong><br>\n<br>\n</strong><strong>@{outputs('Compose_-_Set_Link')}</strong><strong></strong><br>\n<br>\nPlease review it before the deadline.<br>\n<br>\nRegards, &nbsp;</p>"
                    },
                    "authentication": "@parameters('$authentication')"
                  }
                }
              },
              "runAfter": {},
              "expression": {
                "equals": [
                  "@items('Apply_to_each')?['PolicyExpiry']",
                  "@outputs('Compose_-_Get_Today_Date')"
                ]
              },
              "metadata": {
                "operationMetadataId": "f82ddb40-e6e6-40db-b4d0-f4f94ec6b485"
              },
              "type": "If"
            },
            "Condition_2": {
              "actions": {
                "Compose__-_Link": {
                  "runAfter": {},
                  "metadata": {
                    "operationMetadataId": "380b8e87-3037-4877-8660-78f5c8414497"
                  },
                  "type": "Compose",
                  "inputs": "<a href=\"@{items('Apply_to_each')?['{Link}']}\">Click here to view the document</a>"
                },
                "Send_an_email_(V2)": {
                  "runAfter": {
                    "Compose__-_Link": [
                      "Succeeded"
                    ]
                  },
                  "metadata": {
                    "operationMetadataId": "67bd619e-6a1d-4d3b-9131-4549be875775"
                  },
                  "type": "OpenApiConnection",
                  "inputs": {
                    "host": {
                      "connectionName": "shared_office365_1",
                      "operationId": "SendEmailV2",
                      "apiId": "/providers/Microsoft.PowerApps/apis/shared_office365"
                    },
                    "parameters": {
                      "emailMessage/To": "sebem@awards.co.za",
                      "emailMessage/Subject": "Reminder: Upcoming Document Review -  @{items('Apply_to_each')?['Title']}",
                      "emailMessage/Body": "<p>Good day,<br>\n<br>\nThis is a reminder that the document &nbsp;@{items('Apply_to_each')?['Title']} is due for review on @{formatDateTime(addDays(utcNow(), 14), 'dd/MM/yyyy')}.<br>\n<br>\n@{outputs('Compose__-_Link')}<br>\n<br>\n@{outputs('Compose_-_Set_Link')}<br>\n<br>\nPlease review it before the deadline.<br>\n<br>\nRegards, &nbsp;<br>\n<br>\n</p>",
                      "emailMessage/Importance": "Normal"
                    },
                    "authentication": "@parameters('$authentication')"
                  }
                }
              },
              "runAfter": {
                "Condition": [
                  "Succeeded"
                ]
              },
              "expression": {
                "equals": [
                  1,
                  2
                ]
              },
              "metadata": {
                "operationMetadataId": "8c89c376-683a-4007-9f73-e3592aba8d31"
              },
              "type": "If"
            }
          },
          "runAfter": {
            "Compose": [
              "Succeeded"
            ]
          },
          "metadata": {
            "operationMetadataId": "b3eb848c-4e7d-4271-9b6e-cfcdc11208c7"
          },
          "type": "Foreach"
        },
        "Compose_-_Get_Today_Date": {
          "runAfter": {
            "Compose_-_Set_Link": [
              "Succeeded"
            ]
          },
          "metadata": {
            "operationMetadataId": "e682f99c-54a7-49cd-9b18-4ee202eae5a1"
          },
          "type": "Compose",
          "inputs": "@formatDateTime(utcNow(), 'dd/MM/yyyy')"
        },
        "Initialize_variable_-_varAppID": {
          "runAfter": {
            "Get_item": [
              "Succeeded"
            ]
          },
          "metadata": {
            "operationMetadataId": "be14b2d1-5eb7-4da0-846a-b2550ccd5f61"
          },
          "type": "InitializeVariable",
          "inputs": {
            "variables": [
              {
                "name": "VarAppID",
                "type": "string",
                "value": "@outputs('Get_item')?['body/AppID']"
              }
            ]
          }
        },
        "Get_item": {
          "runAfter": {},
          "metadata": {
            "operationMetadataId": "697e18d3-8b71-4d35-a733-cf4853bbc18b"
          },
          "type": "OpenApiConnection",
          "inputs": {
            "host": {
              "connectionName": "shared_sharepointonline_1",
              "operationId": "GetItem",
              "apiId": "/providers/Microsoft.PowerApps/apis/shared_sharepointonline"
            },
            "parameters": {
              "dataset": "https://awardscoza.sharepoint.com/sites/QualityHub",
              "table": "c14c3427-1389-4b3e-9b9c-7f111a8db41f",
              "id": 1
            },
            "authentication": "@parameters('$authentication')"
          }
        },
        "Initialize_variable_-_varEnvironmentID": {
          "runAfter": {
            "Initialize_variable_-_varAppID": [
              "Succeeded"
            ]
          },
          "metadata": {
            "operationMetadataId": "830805ac-35f2-403d-bede-a4bc517b4fa3"
          },
          "type": "InitializeVariable",
          "inputs": {
            "variables": [
              {
                "name": "varEnvironmentID",
                "type": "string",
                "value": "@{workflow()['tags']['environmentName']}"
              }
            ]
          }
        },
        "Initialize_variable_-_varURLLink": {
          "runAfter": {
            "Initialize_variable_-_varEnvironmentID": [
              "Succeeded"
            ]
          },
          "metadata": {
            "operationMetadataId": "c161a559-4c45-4589-a171-64ac08cba1b9"
          },
          "type": "InitializeVariable",
          "inputs": {
            "variables": [
              {
                "name": "varURLLink",
                "type": "string",
                "value": "https://apps.powerapps.com/play/e/@{variables('varEnvironmentID')}/a/@{variables('VarAppID')}?tenantId=b6b8f416-eda8-4b37-bc04-18c904c045eb"
              }
            ]
          }
        },
        "Compose_-_Set_Link": {
          "runAfter": {
            "Initialize_variable_-_varURLLink": [
              "Succeeded"
            ]
          },
          "metadata": {
            "operationMetadataId": "cd17f3ed-3d9a-4bb0-b686-69d6f8d8c760"
          },
          "type": "Compose",
          "inputs": "<a href=\"@{variables('varURLLink')}\">Click here to go to QMDS</a>"
        }
      }
    },
    "templateName": ""
  },
  "schemaVersion": "1.0.0.0"
}