{
  "properties": {
    "connectionReferences": {
      "shared_sharepointonline_1": {
        "runtimeSource": "embedded",
        "connection": {
          "connectionReferenceLogicalName": "ghaled_QM_SharePointConnectionRef"
        },
        "api": {
          "name": "shared_sharepointonline"
        }
      }
    },
    "definition": {
      "$schema": "https://schema.management.azure.com/providers/Microsoft.Logic/schemas/2016-06-01/workflowdefinition.json#",
      "contentVersion": "1.0.0.0",
      "parameters": {
        "$connections": {
          "defaultValue": {},
          "type": "Object"
        },
        "$authentication": {
          "defaultValue": {},
          "type": "SecureObject"
        },
        "qdms_SiteAddress (ghaled_qdms_SiteAddress)": {
          "defaultValue": "https://awardscoza.sharepoint.com/sites/Operations-BPA/Dev/QDMS",
          "type": "String",
          "metadata": {
            "schemaName": "ghaled_qdms_SiteAddress"
          }
        }
      },
      "triggers": {
        "manual": {
          "metadata": {
            "operationMetadataId": "236d0ea9-3548-479a-ba55-20516d506208"
          },
          "type": "Request",
          "kind": "PowerAppV2",
          "inputs": {
            "schema": {
              "type": "object",
              "properties": {
                "number": {
                  "title": "DocumentID",
                  "type": "number",
                  "x-ms-dynamically-added": true,
                  "description": "Please enter a number",
                  "x-ms-content-hint": "NUMBER"
                }
              },
              "required": [
                "number"
              ]
            }
          }
        }
      },
      "actions": {
        "Send_an_HTTP_request_to_SharePoint": {
          "runAfter": {
            "Initialize_variable_-_ID": [
              "Succeeded"
            ]
          },
          "metadata": {
            "operationMetadataId": "cc6c0778-6b19-4249-bab9-2579fd398fca"
          },
          "type": "OpenApiConnection",
          "inputs": {
            "host": {
              "connectionName": "shared_sharepointonline_1",
              "operationId": "HttpRequest",
              "apiId": "/providers/Microsoft.PowerApps/apis/shared_sharepointonline"
            },
            "parameters": {
              "dataset": "@parameters('qdms_SiteAddress (ghaled_qdms_SiteAddress)')",
              "parameters/method": "GET",
              "parameters/uri": "_api/web/lists/GetByTitle('QDMS')/items(@{variables('ID')})/versions?$select=VersionLabel,Modified,Editor/Title,OData__x005f_Comments",
              "parameters/headers": {
                "Accept": "application/json"
              }
            },
            "authentication": "@parameters('$authentication')"
          }
        },
        "Respond_to_a_Power_App_or_flow": {
          "runAfter": {
            "Compose_-_combine": [
              "Succeeded"
            ]
          },
          "metadata": {
            "operationMetadataId": "c5b269eb-7c85-486f-92e5-6bbd96e00fe4"
          },
          "type": "Response",
          "kind": "PowerApp",
          "inputs": {
            "statusCode": 200,
            "body": {
              "versions": "@{outputs('Compose_-_combine')}",
              "modified": "@{outputs('Compose_-_Modified')}",
              "created": "@{outputs('Compose_-_Create')}",
              "comment": "@{outputs('Compose_-_Compose')}"
            },
            "schema": {
              "type": "object",
              "properties": {
                "versions": {
                  "title": "Versions",
                  "x-ms-dynamically-added": true,
                  "type": "string"
                },
                "modified": {
                  "title": "Modified",
                  "x-ms-dynamically-added": true,
                  "type": "string"
                },
                "created": {
                  "title": "Created",
                  "x-ms-dynamically-added": true,
                  "type": "string"
                },
                "comment": {
                  "title": "Comment",
                  "x-ms-dynamically-added": true,
                  "type": "string"
                }
              }
            }
          }
        },
        "Initialize_variable_-_ID": {
          "runAfter": {},
          "metadata": {
            "operationMetadataId": "10ba4b0f-b80e-4dea-9dc4-811e1970dcaf"
          },
          "type": "InitializeVariable",
          "inputs": {
            "variables": [
              {
                "name": "ID",
                "type": "integer",
                "value": "@triggerBody()['number']"
              }
            ]
          }
        },
        "Parse_JSON": {
          "runAfter": {
            "Send_an_HTTP_request_to_SharePoint": [
              "Succeeded"
            ]
          },
          "metadata": {
            "operationMetadataId": "528173bd-0e53-4ad2-9a02-00bd4f465bbb"
          },
          "type": "ParseJson",
          "inputs": {
            "content": "@body('Send_an_HTTP_request_to_SharePoint')",
            "schema": {
              "type": "object",
              "properties": {
                "type": {
                  "type": "string"
                },
                "properties": {
                  "type": "object",
                  "properties": {
                    "odata.metadata": {
                      "type": "object",
                      "properties": {
                        "type": {
                          "type": "string"
                        }
                      }
                    },
                    "value": {
                      "type": "object",
                      "properties": {
                        "type": {
                          "type": "string"
                        },
                        "items": {
                          "type": "object",
                          "properties": {
                            "type": {
                              "type": "string"
                            },
                            "properties": {
                              "type": "object",
                              "properties": {
                                "odata.type": {
                                  "type": "object",
                                  "properties": {
                                    "type": {
                                      "type": "string"
                                    }
                                  }
                                },
                                "odata.id": {
                                  "type": "object",
                                  "properties": {
                                    "type": {
                                      "type": "string"
                                    }
                                  }
                                },
                                "odata.editLink": {
                                  "type": "object",
                                  "properties": {
                                    "type": {
                                      "type": "string"
                                    }
                                  }
                                },
                                "VersionLabel": {
                                  "type": "object",
                                  "properties": {
                                    "type": {
                                      "type": "string"
                                    }
                                  }
                                },
                                "OData__x005f_Comments": {
                                  "type": "object",
                                  "properties": {
                                    "type": {
                                      "type": "array",
                                      "items": {
                                        "type": "string"
                                      }
                                    }
                                  }
                                },
                                "Modified": {
                                  "type": "object",
                                  "properties": {
                                    "type": {
                                      "type": "string"
                                    }
                                  }
                                },
                                "Editor": {
                                  "type": "object",
                                  "properties": {
                                    "type": {
                                      "type": "string"
                                    },
                                    "properties": {
                                      "type": "object",
                                      "properties": {
                                        "LookupId": {
                                          "type": "object",
                                          "properties": {
                                            "type": {
                                              "type": "string"
                                            }
                                          }
                                        },
                                        "LookupValue": {
                                          "type": "object",
                                          "properties": {
                                            "type": {
                                              "type": "string"
                                            }
                                          }
                                        },
                                        "Email": {
                                          "type": "object",
                                          "properties": {
                                            "type": {
                                              "type": "string"
                                            }
                                          }
                                        }
                                      }
                                    }
                                  }
                                }
                              }
                            },
                            "required": {
                              "type": "array",
                              "items": {
                                "type": "string"
                              }
                            }
                          }
                        }
                      }
                    }
                  }
                }
              }
            }
          }
        },
        "Create_HTML_table": {
          "runAfter": {
            "Parse_JSON": [
              "Succeeded"
            ]
          },
          "metadata": {
            "operationMetadataId": "123f381b-7ff8-4cea-b36a-46b6c5c064b8"
          },
          "type": "Table",
          "inputs": {
            "from": "@body('Parse_JSON')?['value']",
            "format": "HTML",
            "columns": [
              {
                "header": "",
                "value": "@item()?['VersionLabel']"
              }
            ]
          }
        },
        "Compose__-_Style": {
          "runAfter": {
            "Compose_-_Compose": [
              "Succeeded"
            ]
          },
          "metadata": {
            "operationMetadataId": "4e51160e-d00c-4db3-8702-52edc1f45e1c"
          },
          "type": "Compose",
          "inputs": "<style>  \n    table {  \n        border: 1px solid #000000;  \n        background-color: #EEEEEE;  \n        width: 100%;  \n        text-align: left;  \n        border-collapse: collapse;  \n        table-layout: auto; /* Allows columns to adjust dynamically */  \n    }  \n\n    table td, table th {  \n        border: 1px solid #AAAAAA;  \n        padding: 12px 15px; /* Increased padding for better spacing */  \n        vertical-align: top;  \n        word-wrap: break-word;  \n        min-width: 120px; /* Prevents columns from shrinking too much */  \n        max-width: 200px; /* Restricts overly wide columns */  \n    }  \n\n    table tbody td {  \n        font-size: 14px; /* Slightly larger for readability */  \n    }  \n\n    table thead {  \n        background: #000000;  \n        border-bottom: 2px solid #444444;  \n    }  \n\n    table thead th {  \n        font-size: 16px; /* Increased font size for clarity */  \n        font-weight: bold;  \n        text-align: left;  \n        color: #FFFFFF;  \n        border-left: 2px solid #D0E4F5;  \n    }  \n\n    table thead th:first-child, table td:first-child {  \n        font-weight: bold;  \n    }  \n\n    table thead th:first-child {  \n        border-left: none;  \n    }  \n\n    /* Hover effect for table rows */  \n    table tbody tr:hover {  \n        background-color: #D0E4F5;  \n        cursor: pointer;  \n    }  \n</style>\n"
        },
        "Compose_-_combine": {
          "runAfter": {
            "Compose__-_Style": [
              "Succeeded"
            ]
          },
          "metadata": {
            "operationMetadataId": "3a41c84b-fad3-4f48-ab74-5adb0c034342"
          },
          "type": "Compose",
          "inputs": "@body('Create_HTML_table')"
        },
        "Compose_-_Modified": {
          "runAfter": {
            "Create_HTML_table_-_Comment": [
              "Succeeded"
            ]
          },
          "metadata": {
            "operationMetadataId": "48ea63a9-4246-48e3-bf1c-9e3859dfeccd"
          },
          "type": "Compose",
          "inputs": "@body('Create_HTML_table_-_Modified')"
        },
        "Compose_-_Create": {
          "runAfter": {
            "Compose_-_Modified": [
              "Succeeded"
            ]
          },
          "metadata": {
            "operationMetadataId": "f744c6b0-7048-4ab1-a7dd-9b95a3b7339e"
          },
          "type": "Compose",
          "inputs": "@body('Create_HTML_table_-_Created')"
        },
        "Compose_-_Compose": {
          "runAfter": {
            "Compose_-_Create": [
              "Succeeded"
            ]
          },
          "metadata": {
            "operationMetadataId": "3fdd8788-2b56-4649-b67e-cd83538183cf"
          },
          "type": "Compose",
          "inputs": "@body('Create_HTML_table_-_Comment')"
        },
        "Create_HTML_table_-_Modified": {
          "runAfter": {
            "Create_HTML_table": [
              "Succeeded"
            ]
          },
          "metadata": {
            "operationMetadataId": "123f381b-7ff8-4cea-b36a-46b6c5c064b8"
          },
          "type": "Table",
          "inputs": {
            "from": "@body('Parse_JSON')?['value']",
            "format": "HTML",
            "columns": [
              {
                "header": "",
                "value": "@formatDateTime(item()?['Modified'], 'dd/MM/yyyy')"
              }
            ]
          }
        },
        "Create_HTML_table_-_Created": {
          "runAfter": {
            "Create_HTML_table_-_Modified": [
              "Succeeded"
            ]
          },
          "metadata": {
            "operationMetadataId": "123f381b-7ff8-4cea-b36a-46b6c5c064b8"
          },
          "type": "Table",
          "inputs": {
            "from": "@body('Parse_JSON')?['value']",
            "format": "HTML",
            "columns": [
              {
                "header": "",
                "value": "@item()?['Editor']?['LookupValue']"
              }
            ]
          }
        },
        "Create_HTML_table_-_Comment": {
          "runAfter": {
            "Create_HTML_table_-_Created": [
              "Succeeded"
            ]
          },
          "metadata": {
            "operationMetadataId": "123f381b-7ff8-4cea-b36a-46b6c5c064b8"
          },
          "type": "Table",
          "inputs": {
            "from": "@body('Parse_JSON')?['value']",
            "format": "HTML",
            "columns": [
              {
                "header": "",
                "value": "@item()?['OData__x005f_Comments']"
              }
            ]
          }
        }
      }
    },
    "templateName": ""
  },
  "schemaVersion": "1.0.0.0"
}